predicted,targets
phishing,phishing
phishing,phishing
phishing,phishing
phishing,phishing
phishing,phishing
legitimate,legitimate
legitimate,legitimate
legitimate,legitimate
legitimate,legitimate
legitimate,legitimate
legitimate,legitimate
phishing,phishing
phishing,phishing
phishing,phishing
legitimate,legitimate
legitimate,legitimate
legitimate,legitimate
phishing,phishing
legitimate,legitimate
legitimate,legitimate
phishing,phishing
phishing,phishing
legitimate,legitimate
legitimate,legitimate
phishing,phishing
phishing,phishing
legitimate,legitimate
legitimate,legitimate
phishing,phishing
legitimate,legitimate
legitimate,legitimate
legitimate,legitimate
legitimate,legitimate
phishing,phishing
legitimate,legitimate
legitimate,legitimate
legitimate,legitimate
phishing,phishing
phishing,phishing
phishing,phishing
phishing,phishing
legitimate,legitimate
phishing,phishing
phishing,phishing
phishing,phishing
phishing,phishing
phishing,phishing
legitimate,legitimate
phishing,phishing
legitimate,legitimate
legitimate,legitimate
phishing,phishing
phishing,phishing
phishing,phishing
phishing,phishing
legitimate,legitimate
legitimate,legitimate
legitimate,legitimate
legitimate,legitimate
phishing,phishing
legitimate,legitimate
legitimate,legitimate
legitimate,legitimate
phishing,phishing
phishing,phishing
phishing,phishing
phishing,phishing
phishing,phishing
phishing,phishing
phishing,phishing
legitimate,legitimate
legitimate,legitimate
legitimate,legitimate
phishing,phishing
legitimate,legitimate
phishing,phishing
legitimate,legitimate
legitimate,legitimate
phishing,phishing
phishing,phishing
phishing,phishing
legitimate,legitimate
legitimate,legitimate
phishing,phishing
phishing,phishing
phishing,phishing
phishing,phishing
phishing,phishing
phishing,phishing
legitimate,legitimate
phishing,phishing
phishing,phishing
legitimate,legitimate
legitimate,legitimate
phishing,phishing
legitimate,legitimate
phishing,phishing
legitimate,legitimate
legitimate,legitimate
phishing,phishing
phishing,phishing
phishing,phishing
legitimate,legitimate
phishing,phishing
legitimate,legitimate
legitimate,legitimate
legitimate,legitimate
phishing,phishing
legitimate,legitimate
legitimate,legitimate
legitimate,legitimate
phishing,phishing
phishing,phishing
legitimate,legitimate
legitimate,legitimate
legitimate,legitimate
legitimate,legitimate
legitimate,legitimate
phishing,phishing
legitimate,legitimate
legitimate,legitimate
legitimate,legitimate
legitimate,legitimate
phishing,phishing
legitimate,legitimate
legitimate,legitimate
legitimate,legitimate
legitimate,legitimate
legitimate,legitimate
legitimate,legitimate
legitimate,legitimate
phishing,phishing
phishing,phishing
phishing,phishing
phishing,phishing
phishing,phishing
legitimate,legitimate
legitimate,legitimate
phishing,phishing
phishing,phishing
phishing,phishing
phishing,phishing
phishing,phishing
phishing,phishing
legitimate,legitimate
phishing,phishing
phishing,phishing
legitimate,legitimate
legitimate,legitimate
legitimate,legitimate
phishing,phishing
legitimate,legitimate
legitimate,legitimate
phishing,phishing
legitimate,legitimate
legitimate,legitimate
legitimate,legitimate
legitimate,legitimate
phishing,phishing
phishing,phishing
legitimate,legitimate
phishing,phishing
phishing,phishing
legitimate,legitimate
phishing,phishing
legitimate,legitimate
phishing,phishing
phishing,phishing
phishing,phishing
legitimate,legitimate
legitimate,legitimate
phishing,phishing
legitimate,legitimate
phishing,phishing
phishing,phishing
legitimate,legitimate
phishing,phishing
legitimate,legitimate
phishing,phishing
phishing,phishing
phishing,phishing
legitimate,legitimate
phishing,phishing
phishing,phishing
legitimate,legitimate
legitimate,legitimate
phishing,phishing
phishing,phishing
phishing,phishing
phishing,phishing
phishing,phishing
legitimate,legitimate
phishing,phishing
phishing,phishing
legitimate,legitimate
legitimate,legitimate
phishing,phishing
legitimate,legitimate
legitimate,legitimate
phishing,phishing
phishing,phishing
phishing,phishing
phishing,phishing
phishing,phishing
phishing,phishing
phishing,phishing
phishing,phishing
phishing,phishing
phishing,phishing
phishing,phishing
phishing,phishing
phishing,phishing
legitimate,legitimate
legitimate,legitimate
legitimate,legitimate
phishing,phishing
phishing,phishing
legitimate,legitimate
phishing,phishing
legitimate,legitimate
phishing,phishing
legitimate,legitimate
legitimate,legitimate
legitimate,legitimate
phishing,phishing
legitimate,legitimate
legitimate,legitimate
legitimate,legitimate
phishing,phishing
phishing,phishing
phishing,phishing
legitimate,legitimate
legitimate,legitimate
legitimate,legitimate
legitimate,legitimate
legitimate,legitimate
legitimate,legitimate
phishing,phishing
phishing,phishing
phishing,phishing
phishing,phishing
phishing,phishing
phishing,phishing
phishing,phishing
legitimate,legitimate
legitimate,legitimate
legitimate,legitimate
phishing,phishing
phishing,phishing
legitimate,legitimate
legitimate,legitimate
phishing,phishing
legitimate,legitimate
legitimate,legitimate
phishing,phishing
phishing,phishing
phishing,phishing
legitimate,legitimate
legitimate,legitimate
phishing,phishing
legitimate,legitimate
phishing,phishing
legitimate,legitimate
legitimate,legitimate
legitimate,legitimate
legitimate,legitimate
phishing,phishing
legitimate,legitimate
phishing,phishing
phishing,phishing
legitimate,legitimate
phishing,phishing
phishing,phishing
legitimate,legitimate
phishing,phishing
phishing,phishing
legitimate,legitimate
legitimate,legitimate
phishing,phishing
phishing,phishing
legitimate,legitimate
phishing,phishing
phishing,phishing
legitimate,legitimate
phishing,phishing
legitimate,legitimate
phishing,phishing
phishing,phishing
legitimate,legitimate
legitimate,legitimate
legitimate,legitimate
legitimate,legitimate
phishing,phishing
legitimate,legitimate
legitimate,legitimate
legitimate,legitimate
legitimate,legitimate
phishing,phishing
legitimate,legitimate
legitimate,legitimate
legitimate,legitimate
phishing,phishing
phishing,phishing
legitimate,legitimate
phishing,phishing
legitimate,legitimate
legitimate,legitimate
phishing,phishing
phishing,phishing
phishing,phishing
legitimate,legitimate
legitimate,legitimate
legitimate,legitimate
phishing,phishing
phishing,phishing
legitimate,legitimate
legitimate,legitimate
phishing,phishing
legitimate,legitimate
legitimate,legitimate
legitimate,legitimate
phishing,phishing
phishing,phishing
phishing,phishing
phishing,phishing
phishing,phishing
legitimate,legitimate
legitimate,legitimate
phishing,phishing
phishing,phishing
phishing,phishing
legitimate,legitimate
legitimate,legitimate
legitimate,legitimate
legitimate,legitimate
legitimate,legitimate
phishing,phishing
legitimate,legitimate
phishing,phishing
legitimate,legitimate
phishing,phishing
legitimate,legitimate
legitimate,legitimate
phishing,phishing
legitimate,legitimate
legitimate,legitimate
legitimate,legitimate
legitimate,legitimate
legitimate,legitimate
phishing,phishing
phishing,phishing
phishing,phishing
legitimate,legitimate
legitimate,legitimate
legitimate,legitimate
phishing,phishing
phishing,phishing
legitimate,legitimate
legitimate,legitimate
phishing,phishing
legitimate,legitimate
phishing,phishing
legitimate,legitimate
phishing,phishing
phishing,phishing
phishing,phishing
phishing,phishing
legitimate,legitimate
phishing,phishing
legitimate,legitimate
phishing,phishing
phishing,phishing
phishing,phishing
phishing,phishing
phishing,phishing
phishing,phishing
phishing,phishing
legitimate,legitimate
legitimate,legitimate
legitimate,legitimate
legitimate,legitimate
legitimate,legitimate
phishing,phishing
legitimate,legitimate
legitimate,legitimate
legitimate,legitimate
phishing,phishing
legitimate,legitimate
phishing,phishing
phishing,phishing
phishing,phishing
legitimate,legitimate
legitimate,legitimate
legitimate,legitimate
phishing,phishing
phishing,phishing
legitimate,legitimate
legitimate,legitimate
phishing,phishing
legitimate,legitimate
phishing,phishing
legitimate,legitimate
phishing,phishing
phishing,phishing
legitimate,legitimate
phishing,phishing
phishing,phishing
phishing,phishing
legitimate,legitimate
phishing,phishing
legitimate,legitimate
legitimate,legitimate
phishing,phishing
phishing,phishing
legitimate,legitimate
legitimate,legitimate
legitimate,legitimate
legitimate,legitimate
phishing,phishing
legitimate,legitimate
legitimate,legitimate
legitimate,legitimate
phishing,phishing
phishing,phishing
legitimate,legitimate
phishing,phishing
legitimate,legitimate
phishing,phishing
legitimate,legitimate
legitimate,legitimate
legitimate,legitimate
phishing,phishing
phishing,phishing
legitimate,legitimate
phishing,phishing
legitimate,legitimate
phishing,phishing
phishing,phishing
phishing,phishing
phishing,phishing
phishing,phishing
phishing,phishing
phishing,phishing
phishing,phishing
legitimate,legitimate
phishing,phishing
phishing,phishing
legitimate,legitimate
phishing,phishing
phishing,phishing
phishing,phishing
legitimate,legitimate
legitimate,legitimate
phishing,phishing
phishing,phishing
legitimate,legitimate
phishing,phishing
legitimate,legitimate
legitimate,legitimate
legitimate,legitimate
phishing,phishing
legitimate,legitimate
legitimate,legitimate
legitimate,legitimate
phishing,phishing
phishing,phishing
phishing,phishing
phishing,phishing
phishing,phishing
legitimate,legitimate
phishing,phishing
phishing,phishing
phishing,phishing
legitimate,legitimate
phishing,phishing
phishing,phishing
legitimate,legitimate
phishing,phishing
phishing,phishing
phishing,phishing
legitimate,legitimate
legitimate,legitimate
phishing,phishing
phishing,phishing
legitimate,legitimate
phishing,phishing
legitimate,legitimate
legitimate,legitimate
legitimate,legitimate
legitimate,legitimate
legitimate,legitimate
legitimate,legitimate
legitimate,legitimate
legitimate,legitimate
phishing,phishing
legitimate,legitimate
legitimate,legitimate
phishing,phishing
legitimate,legitimate
legitimate,legitimate
phishing,phishing
legitimate,legitimate
legitimate,legitimate
legitimate,legitimate
legitimate,legitimate
phishing,phishing
phishing,phishing
phishing,phishing
phishing,phishing
legitimate,legitimate
phishing,phishing
phishing,phishing
phishing,phishing
legitimate,legitimate
legitimate,legitimate
phishing,phishing
legitimate,legitimate
legitimate,legitimate
legitimate,legitimate
legitimate,legitimate
legitimate,legitimate
phishing,phishing
phishing,phishing
phishing,phishing
legitimate,legitimate
phishing,phishing
phishing,phishing
phishing,phishing
legitimate,legitimate
phishing,phishing
legitimate,legitimate
phishing,phishing
phishing,phishing
legitimate,legitimate
legitimate,legitimate
phishing,phishing
phishing,phishing
legitimate,legitimate
legitimate,legitimate
phishing,phishing
legitimate,legitimate
legitimate,legitimate
phishing,phishing
phishing,phishing
legitimate,legitimate
legitimate,legitimate
legitimate,legitimate
phishing,phishing
phishing,phishing
legitimate,legitimate
phishing,phishing
legitimate,legitimate
phishing,phishing
phishing,phishing
legitimate,legitimate
legitimate,legitimate
legitimate,legitimate
legitimate,legitimate
legitimate,legitimate
phishing,phishing
legitimate,legitimate
phishing,phishing
phishing,phishing
phishing,phishing
legitimate,legitimate
legitimate,legitimate
phishing,phishing
legitimate,legitimate
legitimate,legitimate
phishing,phishing
phishing,phishing
legitimate,legitimate
legitimate,legitimate
legitimate,legitimate
legitimate,legitimate
legitimate,legitimate
legitimate,legitimate
legitimate,legitimate
legitimate,legitimate
legitimate,legitimate
legitimate,legitimate
legitimate,legitimate
phishing,phishing
phishing,phishing
phishing,phishing
phishing,phishing
phishing,phishing
legitimate,legitimate
phishing,phishing
legitimate,legitimate
phishing,phishing
legitimate,legitimate
legitimate,legitimate
phishing,phishing
phishing,phishing
phishing,phishing
phishing,phishing
phishing,phishing
phishing,phishing
legitimate,legitimate
legitimate,legitimate
legitimate,legitimate
legitimate,legitimate
phishing,phishing
legitimate,legitimate
phishing,phishing
legitimate,legitimate
legitimate,legitimate
legitimate,legitimate
legitimate,legitimate
legitimate,legitimate
legitimate,legitimate
legitimate,legitimate
legitimate,legitimate
legitimate,legitimate
legitimate,legitimate
phishing,phishing
legitimate,legitimate
legitimate,legitimate
phishing,phishing
phishing,phishing
legitimate,legitimate
phishing,phishing
legitimate,legitimate
phishing,phishing
legitimate,legitimate
phishing,phishing
phishing,phishing
legitimate,legitimate
legitimate,legitimate
phishing,phishing
legitimate,legitimate
legitimate,legitimate
phishing,phishing
phishing,phishing
phishing,phishing
phishing,phishing
phishing,phishing
legitimate,legitimate
phishing,phishing
phishing,phishing
legitimate,legitimate
legitimate,legitimate
legitimate,legitimate
legitimate,legitimate
legitimate,legitimate
legitimate,legitimate
phishing,phishing
phishing,phishing
phishing,phishing
legitimate,legitimate
phishing,phishing
legitimate,legitimate
phishing,phishing
legitimate,legitimate
phishing,phishing
legitimate,legitimate
legitimate,legitimate
phishing,phishing
legitimate,legitimate
phishing,phishing
phishing,phishing
legitimate,legitimate
phishing,phishing
legitimate,legitimate
phishing,phishing
legitimate,legitimate
legitimate,legitimate
phishing,phishing
legitimate,legitimate
legitimate,legitimate
legitimate,legitimate
legitimate,legitimate
legitimate,legitimate
legitimate,legitimate
legitimate,legitimate
legitimate,legitimate
phishing,phishing
phishing,phishing
phishing,phishing
legitimate,legitimate
legitimate,legitimate
phishing,phishing
legitimate,legitimate
phishing,phishing
legitimate,legitimate
phishing,phishing
legitimate,legitimate
legitimate,legitimate
phishing,phishing
legitimate,legitimate
legitimate,legitimate
phishing,phishing
legitimate,legitimate
legitimate,legitimate
phishing,phishing
phishing,phishing
legitimate,legitimate
legitimate,legitimate
phishing,phishing
phishing,phishing
legitimate,legitimate
phishing,phishing
legitimate,legitimate
phishing,phishing
phishing,phishing
phishing,phishing
phishing,phishing
phishing,phishing
phishing,phishing
phishing,phishing
phishing,phishing
legitimate,legitimate
legitimate,legitimate
legitimate,legitimate
legitimate,legitimate
legitimate,legitimate
phishing,phishing
phishing,phishing
phishing,phishing
legitimate,legitimate
legitimate,legitimate
phishing,phishing
legitimate,legitimate
legitimate,legitimate
legitimate,legitimate
phishing,phishing
legitimate,legitimate
legitimate,legitimate
phishing,phishing
legitimate,legitimate
legitimate,legitimate
phishing,phishing
phishing,phishing
legitimate,legitimate
phishing,phishing
legitimate,legitimate
phishing,phishing
phishing,phishing
legitimate,legitimate
legitimate,legitimate
legitimate,legitimate
phishing,phishing
phishing,phishing
legitimate,legitimate
legitimate,legitimate
legitimate,legitimate
phishing,phishing
legitimate,legitimate
legitimate,legitimate
legitimate,legitimate
phishing,phishing
phishing,phishing
legitimate,legitimate
legitimate,legitimate
phishing,phishing
phishing,phishing
legitimate,legitimate
legitimate,legitimate
phishing,phishing
legitimate,legitimate
phishing,phishing
legitimate,legitimate
phishing,phishing
phishing,phishing
legitimate,legitimate
phishing,phishing
legitimate,legitimate
phishing,phishing
legitimate,legitimate
legitimate,legitimate
legitimate,legitimate
phishing,phishing
legitimate,legitimate
legitimate,legitimate
legitimate,legitimate
phishing,phishing
legitimate,legitimate
legitimate,legitimate
phishing,phishing
phishing,phishing
legitimate,legitimate
legitimate,legitimate
phishing,phishing
phishing,phishing
phishing,phishing
legitimate,legitimate
phishing,phishing
legitimate,legitimate
phishing,phishing
phishing,phishing
phishing,phishing
phishing,phishing
legitimate,legitimate
phishing,phishing
legitimate,legitimate
phishing,phishing
phishing,phishing
legitimate,legitimate
phishing,phishing
